Plot,plot_id1,stock_seed_id,plot_block,plot_rep,StalkLodgingRawcount,Stand_count,Success.lodged,Failure.number_not_lodged,PC1,PC2,PC3,disease
W401,16GD0001,Ames_27194_,1,1,0,19,0,19,NA,NA,NA,672.5
W22,16GD0002,NSL_30053_,1,1,0,12,NA,NA,16.74351841,-24.99420427,10.76675356,995
NC360,16GD0003,Ames_27176_,1,1,6.666666667,15,1,14,-23.28435615,-10.61430317,-34.10685192,642.5
NC298,16GD0004,Ames_27261_,1,1,0,20,0,20,-63.89923855,52.08071054,-5.816836427,772.5
NC348,16GD0005,Ames_27170_,1,1,0,20,0,20,-62.28440939,51.53954713,-6.806368854,785
AB28A,16GD0006,Ames_18999_,1,1,45,20,9,11,-0.71922483,-12.29781207,-4.335430412,1575
R4,16GD0007,Ames_27187_,1,1,0,15,0,15,19.3061223,-19.67961739,-0.640151215,512.5
B75,16GD0008,PI_608774_,1,1,0,18,0,18,11.00776858,-17.10043718,2.076878176,320
CML321,16GD0009,Ames_27095_,1,1,23.52941176,17,4,13,-42.04858384,24.24700811,1.31529516,367.5
CML323,16GD0010,Ames_27097_,1,1,0,20,0,20,-26.07168123,14.55539057,2.768178046,1105
NC292,16GD0011,Ames_27142_,1,1,0,17,0,17,NA,NA,NA,965
CQ184A,16GD0012,011:196-1,1,1,0,13,NA,NA,NA,NA,NA,NA
CI187-2,16GD0013,Ames_26138_,1,1,0,0,NA,NA,24.45758619,-8.019804657,-21.3981206,NA
SA24,16GD0014,Ames_27188_,1,1,0,0,NA,NA,-0.703594899,-41.25162972,-16.09474919,NA
FR4326,16GD0015,011:292-5,1,1,0,0,NA,NA,NA,NA,NA,NA
CML9,16GD0016,PI_595530_,1,1,0,0,NA,NA,NA,NA,NA,NA
NC328,16GD0017,Ames_27160_,1,1,0,20,0,20,103.2013342,73.48146604,-51.42264322,482.5
L578,16GD0018,Ames_27132_,1,1,0,19,0,19,-16.16367433,1.37733409,-5.124291298,1492.5
A239,16GD0019,Ames_23405_,2,1,47.05882353,17,8,9,15.64477622,-18.56891165,10.77078731,1507.5
CM7,16GD0020,Ames_27070_,2,1,66.66666667,18,12,6,3.155041535,-19.64861389,3.907612291,1045
NC362,16GD0021,Ames_27177_,2,1,0,18,0,18,-19.10817569,-25.44016492,-41.9052686,725
U267Y,16GD0022,Ames_27191_,2,1,0,18,0,18,-14.71476323,-4.045317033,2.965573786,495
CQ184A,16GD0023,011:196-1,2,1,0,14,0,14,NA,NA,NA,NA
CO109,16GD0024,PI_587125_,2,1,0,17,0,17,NA,NA,NA,965
TZI18,16GD0025,PI_506253_,2,1,16.66666667,18,3,15,-41.20802973,27.8476724,2.350629263,1895
MS71,16GD0026,PI_587137_,2,1,0,17,0,17,12.09010508,-21.2396621,7.008893024,480
CI31A,16GD0027,Ames_21512_,2,1,0,18,0,18,0.504381342,-12.291575,-0.339863231,415
NC320,16GD0028,Ames_27156_,2,1,70,20,14,6,-21.39913997,0.896529199,3.420917341,1510
VA59,16GD0029,Ames_19016_,2,1,0,19,0,19,-3.724553572,-31.27390685,-21.47115268,272.5
F2834T,16GD0030,Ames_27112_,2,1,0,18,0,18,-22.97010946,4.708009328,5.122217682,400
NC350,16GD0031,Ames_27171_,2,1,0,19,0,19,-57.50082902,46.13946815,-1.947513811,862.5
CML103,16GD0032,Ames_27081_,2,1,15.78947368,19,3,16,-28.44430472,16.55204844,1.236552253,1105
FR4326,16GD0033,011:292-5,2,1,0,20,0,20,NA,NA,NA,305
NC324,16GD0034,Ames_27158_,2,1,0,16,0,16,56.46249013,43.74653069,-60.5384587,335
CML91,16GD0035,Ames_27079_,2,1,0,19,0,19,-29.04103703,16.84230111,5.13657049,785
NC358,16GD0036,Ames_27175_,2,1,30,20,6,14,-45.3469773,29.43755185,-0.503309909,1477.5
OH40B,16GD0037,NSL_28966_,3,1,38.88888889,18,7,11,11.1869718,-41.98589319,-12.95783566,867.5
NC312,16GD0038,Ames_27152_,3,1,0,20,0,20,NA,NA,NA,965
HI27,16GD0039,Ames_28291_,3,1,44.44444444,18,8,10,-18.01386598,27.54877864,26.29186695,1912.5
CML322,16GD0040,Ames_27096_,3,1,0,19,0,19,-34.27279201,23.62033671,16.39194059,767.5
VA22,16GD0041,Ames_19328_,3,1,0,14,0,14,-5.205894127,-23.62837273,-15.14700096,870
FR4326,16GD0042,61:308-1,3,1,0,4,NA,NA,NA,NA,NA,320
VA17,16GD0043,Ames_19002_,3,1,0,20,0,20,-0.207081031,-31.36517353,-3.527555368,320
W182B,16GD0044,Ames_19330_,3,1,42.85714286,21,9,12,14.14700009,-28.45212109,4.51233793,1815
SG1533,16GD0045,PI_587132_,3,1,0,10,NA,NA,1.668695541,-32.60970144,-12.11231726,865
CO255,16GD0046,Ames_27107_,3,1,0,20,NA,NA,-3.356248807,-28.41555682,0.33973009,1607.5
B52,16GD0047,PI_550454_,3,1,27.77777778,18,5,13,13.17106707,-14.49556818,-6.602594114,1732.5
R168,16GD0048,Ames_19326_,3,1,30,20,6,14,13.95095801,-27.55454579,4.306931094,1220
CML311,16GD0049,Ames_27093_,3,1,15.38461538,13,2,11,-34.85200353,17.40966601,5.293541957,2310
4722,16GD0050,PI_587130_,3,1,0,14,0,14,3.373167495,-41.35235071,-9.666009047,1442.5
K148,16GD0051,Ames_27122_,3,1,0,20,0,20,-2.979751179,-17.40265592,0.100007965,400
CQ183,16GD0052,001:55-2,3,1,42.85714286,21,9,12,NA,NA,NA,NA
W64A,16GD0053,PI_587152_,3,1,0,15,NA,NA,16.61404767,-24.88781155,10.77409214,897.5
N192,16GD0054,PI_550566_,3,1,100,17,17,0,102.0166102,60.94915557,0.780215804,2582.5
B37,16GD0055,PI_550467_,4,1,0,19,0,19,51.06617776,10.94399871,-23.95468751,785
KI21,16GD0056,Ames_27125_,4,1,0,11,0,11,-23.74384879,3.622274709,-15.43895828,560
A214N,16GD0057,Ames_31536_,4,1,0,0,NA,NA,16.90279576,19.09044058,41.73048379,NA
M37W,16GD0058,Ames_27133_,4,1,21.05263158,19,4,15,-19.55902244,1.108791604,7.344123848,2375
FR4326,16GD0059,61:308-1,4,1,0,1,0,1,NA,NA,NA,NA
GT112,16GD0060,Ames_27113_,4,1,0,17,NA,NA,-16.0254279,-5.87815896,-1.509433446,2455
CM174,16GD0061,Ames_19316_,4,1,0,16,NA,NA,60.85692399,12.20238163,78.22478815,1655
K55,16GD0062,Ames_22754_,4,1,23.52941176,17,4,13,-5.229622306,-12.35581964,-0.762540469,1992.5
T232,16GD0063,PI_550522_,4,1,0,20,0,20,3.951456921,-1.069914285,13.02710897,1285
NC316,16GD0064,Ames_27154_,4,1,0,19,0,19,NA,NA,NA,1412.5
CML77,16GD0065,Ames_28185_,4,1,26.66666667,15,4,11,-30.84483019,17.78538232,2.62515553,2390
W117HT,16GD0066,Ames_8399_,4,1,100,14,14,0,0.145942527,-14.01804789,-1.245258452,2135
CQ184A,16GD0067,011:196-1,4,1,0,6,NA,NA,NA,NA,NA,2312.5
TX303,16GD0068,Ames_19327_,4,1,0,15,0,15,-20.18653563,2.3379786,0.526028213,962.5
CI66,16GD0069,PI_587148_,4,1,0,18,0,18,-11.03234293,-9.263131882,1.859957349,725
PA91,16GD0070,PI_587147_,4,1,0,18,0,18,11.77687764,-38.3191823,-3.671888543,965
TZI16,16GD0071,PI_540747_,4,1,0,0,0,0,-15.35285878,13.71410672,0.687895998,1045
OH603,16GD0072,PI_573098_,4,1,0,18,0,18,-11.151595,-1.563932331,-3.751195799,NA
B14A,16GD0073,Ames_27124_,5,1,16.66666667,12,2,10,87.00017478,37.20729802,96.84559765,1670
A634,16GD0074,Ames_26771_,5,1,23.52941176,17,4,13,61.47494131,20.08964619,85.20792152,2085
MP339,16GD0075,PI_606329_,5,1,0,17,0,17,-13.61674576,-0.172696925,7.900554165,677.5
IDS69,16GD0076,PI_607521_,5,1,0,19,0,19,3.559854659,-45.54002241,-19.69965823,1302.5
FR4326,16GD0077,Ames_27090_,5,1,16.66666667,18,3,15,NA,NA,NA,192.5
CML331,16GD0078,PI_587128_,5,1,0,19,0,19,-41.24665573,30.56648446,10.43194506,2487.5
A554,16GD0079,Ames_27145_,5,1,5.263157895,19,1,18,2.416816362,-18.52687169,2.016587127,1045
WF9,16GD0080,Ames_27111_,5,1,52.63157895,19,10,9,7.628511231,-31.67413477,12.28614409,852.5
A632,16GD0081,Ames_27114_,5,1,0,18,0,18,69.05054986,19.62540012,92.75056354,1735
CML287,16GD0082,011:196-3,5,1,NA,NA,NA,NA,-39.70003998,24.34405348,6.355674857,NA
CQ183,16GD0083,Ames_24734_,5,1,0,19,NA,NA,NA,NA,NA,2582.5
B76,16GD0084,011:292-5,5,1,0,10,NA,NA,37.0049393,7.617115858,-25.04577874,527.5
N7A,16GD0085,Ames_19309_,5,1,0,18,0,18,40.00976945,1.134412308,26.88151559,1797.5
D940Y,16GD0086,Ames_27164_,5,1,31.25,16,5,11,-5.538614148,-9.050781136,2.77914235,1105
B164,16GD0087,Ames_31537_,5,1,0,20,0,20,17.10287692,-11.84485125,3.922865881,752.5
K64,16GD0088,Ames_27106_,5,1,0,6,0,6,0.548189601,-15.75984487,8.655854412,NA
MOG,16GD0089,Ames_27180_,5,1,0,18,0,18,2.498126111,-21.80138186,10.27345495,562.5
A641,16GD0090,Ames_27169_,5,1,0,14,0,14,42.55263735,7.271609976,62.37554149,1125
KI43,16GD0091,PI_587129_,6,1,0,9,NA,NA,-39.79411834,20.00301782,1.636327476,2407.5
NC352,16GD0092,011:196-1,6,1,0,14,0,14,-67.69003286,57.93511863,-7.710366151,592.5
FR4326,16GD0093,Ames_32364_,6,1,0,19,0,19,NA,NA,NA,160
NC33,16GD0094,PI_587136_,6,1,0,12,0,12,-5.479865221,-14.8885983,4.06903586,1042.5
CML158Q,16GD0095,Ames_27174_,6,1,0,19,0,19,-41.42384935,25.38461621,4.223433692,1012.5
KI3,16GD0096,PI_606330_,6,1,0,0,NA,NA,-44.27741348,32.19240894,-1.445472668,NA
VA7,16GD0097,PI_595550_,6,1,0,0,NA,NA,NA,NA,NA,NA
CML333,16GD0098,Ames_28186_,6,1,15,20,3,17,-35.03320134,22.29718081,3.22450145,1670
CQ184A,16GD0099,Ames_27128_,6,1,0,8,NA,NA,NA,NA,NA,NA
NC264,16GD0100,Ames_24989_,6,1,0,19,0,19,-25.4276627,-1.405760107,3.483882038,1732.5
MO18W,16GD0101,Ames_22763_,6,1,0,19,0,19,-29.23663967,2.642587889,3.956546615,935
T8,16GD0102,Ames_27189_,6,1,0,19,0,19,-3.295592017,-24.76071965,-4.994846272,542.5
81-1,16GD0103,Ames_27155_,6,1,0,13,0,13,NA,NA,NA,497.5
KUI2021,16GD0104,011:292-5,6,1,0,15,0,15,NA,NA,NA,1172.5
B73,16GD0105,Ames_20140_,6,1,0,16,0,16,121.3614021,78.3082649,-44.57608555,900
CML108,16GD0106,PI_506247_,6,1,47.36842105,19,9,10,-32.38015847,16.11018917,-1.961658627,1287.5
CML45,16GD0107,Ames_27163_,6,1,0,7,NA,NA,-45.7654105,27.75622987,3.472091228,1125
MS1334,16GD0108,PI_608766_,6,1,0,18,NA,NA,-0.721162342,-18.99898589,-4.435317794,2535
B79,16GD0109,Ames_24752_,7,1,0,17,0,17,23.39999554,-16.95957966,22.64045478,850
NC334,16GD0110,Ames_27076_,7,1,15,20,3,17,NA,NA,NA,2487.5
TZI9,16GD0111,Ames_27082_,7,1,55.55555556,18,10,8,-39.8778595,26.02823188,5.645261509,1895
MT42,16GD0112,011:1002-4,7,1,88.23529412,17,15,2,4.57574921,-16.78285018,3.46049604,2312.5
FR4326,16GD0113,Ames_27129_,7,1,0,19,0,19,NA,NA,NA,192.5
NC318,16GD0114,NSL_8581_,7,1,20,20,4,16,-18.57486015,-4.7329421,2.558625832,2487.5
SC55,16GD0115,PI_550518_,7,1,65,20,13,7,-19.23736641,-3.592567657,-3.032600652,1225
TX601,16GD0116,PI_550441_,7,1,60,15,9,6,-40.79401842,23.87484308,-0.412848122,1335
VA99,16GD0117,PI_520774_,7,1,0,20,0,20,23.77838176,-26.66930226,5.234288296,785
KUI2007,16GD0118,011:196-1,7,1,25,20,5,15,NA,NA,NA,1382.5
P39,16GD0119,Ames_27101_,7,1,65,20,13,7,17.56201466,-61.89522224,-2.021288541,1062.5
CML277,16GD0120,21:955-2Bulk,7,1,21.05263158,19,4,15,-45.3760567,28.62419903,2.18965058,902.5
DE_2,16GD0121,Ames_27123_,7,1,0,19,0,19,4.877862773,-15.54662992,-2.714909895,1382.5
NC356,16GD0122,Ames_27085_,7,1,0,19,0,19,-50.38864048,30.52342336,-3.934690696,977.5
KY228,16GD0123,Ames_27139_,7,1,0,19,0,19,1.949660594,-11.20373122,2.20632367,977.5
F6,16GD0124,011:292-5,7,1,42.10526316,19,8,11,-8.278925039,-8.908372944,-2.777179673,1107.5
CQ184A,16GD0125,Ames_27172_,7,1,46.15384615,13,6,7,NA,NA,NA,NA
H99,16GD0126,Ames_27126_,7,1,80,20,16,4,5.836814934,-25.84988198,-7.65478989,577.5
NC346,16GD0127,Ames_32877_,8,1,0,10,0,10,-70.78917039,58.74822659,-11.20488565,577.5
NC368,16GD0128,Ames_27136_,8,1,0,18,NA,NA,74.34774003,57.08299112,-44.05250434,740
CO125,16GD0129,Ames_27121_,8,1,0,14,NA,NA,2.966754614,-15.11390052,-1.360064838,755
CI28A,16GD0130,Ames_27066_,8,1,0,17,0,17,-3.696627339,-5.08161588,1.41241627,755
NC336,16GD0131,Ames_27108_,8,1,0,18,0,18,-67.1112213,58.26204757,-9.052153494,835
A635,16GD0132,Ames_28366_,8,1,80,20,16,4,68.251475,23.3859272,82.59711739,1637.5
FR4326,16GD0133,PI_550483_,8,1,0,18,0,18,NA,NA,NA,272.5
MS153,16GD0134,001:55-2,8,1,15,20,3,17,10.6946933,-26.65811566,2.655153295,1172.5
CQ184A,16GD0135,PI_595565_,8,1,0,3,0,3,NA,NA,NA,NA
H91,16GD0136,PI_587140_,8,1,0,19,0,19,79.4128994,32.5185848,94.50939111,1607.5
EP1,16GD0137,Ames_19293_,8,1,70,20,14,6,-7.904623468,-23.69667769,-3.925190108,1192.5
NC296A,16GD0138,PI_587138_,8,1,25,12,3,9,-70.23995443,58.78096611,-11.55796374,690
H84,16GD0139,Ames_27099_,8,1,0,19,0,19,33.90131631,-2.35197963,-7.357587307,592.5
CML258,16GD0140,011:292-5,8,1,0,19,0,19,-42.29236566,30.12888704,3.839800887,1110
A661,16GD0141,Ames_24576_,8,1,77.77777778,18,14,4,7.969925677,-18.39805885,5.329652759,1637.5
DE1,16GD0142,PI_543916_,8,1,0,13,0,13,2.174247088,-19.12836553,-3.311801334,690
33-16,16GD0143,Ames_19308_,8,1,0,20,0,20,0.539686033,-18.56046063,6.661915334,450
KI11,16GD0144,PI_550461_,8,1,22.22222222,18,4,14,-37.408808,22.80505074,4.708535837,1045
IL14H,16GD0145,Ames_27118_,9,1,0,13,0,13,15.34426449,-55.16099219,2.909548063,770
CI90C,16GD0146,Ames_31534_,9,1,0,21,0,21,-4.239407335,-8.433343912,3.569782141,677.5
B57,16GD0147,PI_550472_,9,1,0,17,0,17,-0.043149626,-13.91885848,3.405622365,625
NC340,16GD0148,Ames_27166_,9,1,68.75,16,11,5,-49.75713583,31.04382809,-4.68402553,2375
L317,16GD0149,NSL_65873_,9,1,0,16,0,16,0.897919085,-24.81822207,8.684194975,1217.5
IL101,16GD0150,Ames_27119_,9,1,0,16,NA,NA,18.07986288,-58.45712579,1.889732698,1042.5
SD44,16GD0151,PI_524969_,9,1,0,18,NA,NA,10.33501049,-19.40793592,2.853947241,835
CI.7,16GD0152,Ames_28367_,9,1,0,20,0,20,9.054564764,-17.81699973,6.386474681,737.5
NC238,16GD0153,Ames_12735_,9,1,0,14,NA,NA,-10.95847136,-5.479224453,4.494551957,815
B68,16GD0154,PI_550465_,9,1,0,19,0,19,61.79475893,27.66003176,92.3411384,1075
NC330,16GD0155,Ames_27161_,9,1,0,20,0,20,NA,NA,NA,352.5
FR4326,16GD0156,011:292-5,9,1,0,7,NA,NA,NA,NA,NA,NA
CML69,16GD0157,Ames_28184_,9,1,0,17,0,17,-44.97850702,28.00617775,2.466937401,995
OH43,16GD0158,Ames_19288_,9,1,75,16,12,4,16.24194777,-46.01931223,-9.530018016,1445
MO24W,16GD0159,PI_587144_,9,1,0,19,0,19,-6.422187206,-8.843179601,0.654074783,482.5
MO44,16GD0160,Ames_28939_,9,1,0,0,NA,NA,14.75397319,-19.23740746,0.795661783,NA
CQ183,16GD0161,001:55-1,9,1,0,19,NA,NA,NA,NA,NA,2487.5
NC302,16GD0162,Ames_27147_,9,1,0,16,0,16,-59.35268641,48.03583076,-3.022896974,902.5
B96,16GD0163,PI_270297_,10,1,0,7,NA,NA,NA,NA,NA,1367.5
NC364,16GD0164,Ames_27178_,10,1,38.88888889,18,7,11,-19.09515424,-25.41176362,-41.96467774,1865
CQ183,16GD0165,001:55-1,10,1,38.88888889,18,7,11,NA,NA,NA,2582.5
B46,16GD0166,PI_550469_,10,1,69.23076923,13,9,4,29.99944839,-12.37375392,22.47855817,1092.5
4226,16GD0167,NSL_30904_,10,1,60,20,12,8,2.279690532,-14.81932647,2.458954472,2022.5
R229,16GD0168,PI_592734_,10,1,0,20,0,20,102.9752107,72.36380171,-42.3528901,755
T234,16GD0169,Ames_27190_,10,1,11.11111111,18,2,16,-1.503762889,-12.49892081,7.127090064,640
OS420,16GD0170,NSL_65874_,10,1,5.882352941,17,1,16,16.2123042,-15.5759409,-0.073895879,850
VA85,16GD0171,Ames_27193_,10,1,30,20,6,14,7.318796453,-28.39799469,-1.072511059,240
FR4326,16GD0172,011:292-5,10,1,0,19,0,19,NA,NA,NA,192.5
CMV3,16GD0173,Ames_27038_,10,1,92.30769231,13,12,1,7.900201973,-21.84917371,18.34705709,2407.5
B73HTRHM,16GD0174,Ames_27065_,10,1,5.882352941,17,1,16,119.8108135,77.20368014,-44.083382,932.5
NC338,16GD0175,Ames_27165_,10,1,21.05263158,19,4,15,-54.33620867,44.64095091,-6.200258324,885
CML328,16GD0176,Ames_27098_,10,1,26.66666667,15,4,11,-36.47654426,17.19710495,3.439229172,840
SG18,16GD0177,NSL_75979_,10,1,18.75,16,3,13,5.848902225,-34.35037935,-12.48786819,770
GA209,16GD0178,Ames_10248_,10,1,0,12,0,12,-1.726534304,-12.33675535,5.102801329,577.5
Il677a,16GD0179,Ames_27120_,10,1,60,10,6,4,7.048775848,-38.36265561,0.288165317,452.5
CI91B,16GD0180,Ames_28365_,10,1,36.84210526,19,7,12,23.59406066,-7.285160478,-19.04647974,947.5
FR4326,16GD0181,011:292-5,11,1,0,19,0,19,NA,NA,NA,192.5
DE811,16GD0182,PI_550558_,11,1,0,19,0,19,38.51833018,13.34783486,45.71405277,1560
NC294,16GD0183,Ames_27143_,11,1,0,17,0,17,80.92948,51.50079358,-61.17232308,997.5
CML220,16GD0184,Ames_27087_,11,1,5,20,1,19,-39.59909215,25.10756214,6.812669432,1140
CML247,16GD0185,PI_595541_,11,1,0,17,0,17,-48.263123,26.12204373,6.505800619,1062.5
NC290A,16GD0186,Ames_27141_,11,1,0,19,0,19,-0.978645103,-45.76666337,-52.91401206,387.5
CO106,16GD0187,Ames_27105_,11,1,45.45454545,11,5,6,3.420020618,-21.36548447,7.197352884,2455
IDS28,16GD0188,Ames_24575_,11,1,9.523809524,21,2,19,2.145709954,-35.51288758,-8.254552567,882.5
NC310,16GD0189,Ames_27151_,11,1,0,18,0,18,103.3924385,74.02462182,-43.97810805,640
CQ183,16GD0190,001:55-2,11,1,84.21052632,19,16,3,NA,NA,NA,2582.5
NC268,16GD0191,PI_587145_,11,1,0,18,0,18,NA,NA,NA,1012.5
H100,16GD0192,Ames_22748_,11,1,38.88888889,18,7,11,NA,NA,NA,1750
C49A,16GD0193,Ames_27067_,11,1,47.36842105,19,9,10,8.881832891,-16.79686367,13.33024778,2535
NC232,16GD0194,Ames_12732_,11,1,16.66666667,12,2,10,-7.865716034,-5.526093463,3.364906432,1352.5
C123,16GD0195,Ames_19313_,11,1,0,17,0,17,-2.216013785,-31.31129172,-25.13297865,690
CQ183,16GD0196,001:55(x)-1,11,1,35,20,7,13,NA,NA,NA,2582.5
K4,16GD0197,NSL_30038_,11,1,0,18,0,18,8.087195303,-12.69957895,2.112241651,787.5
NC370,16GD0198,Ames_27181_,11,1,0,20,0,20,NA,NA,NA,1045
B104,16GD0199,PI_594047_,12,1,0,10,0,10,63.3780185,26.05150773,4.604268474,640
HP301,16GD0200,PI_587131_,12,1,0,12,0,12,4.661818372,-44.95640062,-21.2322872,820
NC222,16GD0201,Ames_12729_,12,1,0,7,NA,NA,-2.732669843,-16.18073154,4.194822603,932.5
B97,16GD0202,PI_564682_,12,1,0,20,0,20,12.80643651,-18.96758231,1.268521887,450
A556,16GD0203,Ames_23450_,12,1,0,19,0,19,-4.585289706,-7.390348402,1.950538429,1317.5
OH43E,16GD0204,Ames_27183_,12,1,10.52631579,19,2,17,13.88608811,-45.67683944,-10.33054177,1057.5
CML238,16GD0205,Ames_27089_,12,1,0,2,0,2,-43.11325606,23.10038691,1.866392881,NA
B77,16GD0206,PI_608765_,12,1,0,18,0,18,-4.300112949,-19.77066863,-6.009509225,867.5
Ia5125,16GD0207,PI_587135_,12,1,92.85714286,14,13,1,17.83869305,-41.66280696,8.926404192,1207.5
CML281,16GD0208,Ames_27092_,12,1,0,18,0,18,-41.21488744,28.13234748,1.257558648,1142.5
FR4326,16GD0209,011:292-5,12,1,0,19,0,19,NA,NA,NA,580
E2558W,16GD0210,Ames_27110_,12,1,0,19,0,19,-6.615316884,-12.22529616,4.913856438,1025
NC306,16GD0211,Ames_27149_,12,1,0,19,0,19,86.46666717,60.93866966,-56.75103441,1140
CML264,16GD0212,PI_595544_,12,1,0,15,0,15,-41.52901857,27.91072585,3.868968,402.5
CQ183,16GD0213,001:55-2,12,1,62.5,16,10,6,NA,NA,NA,2550
PA880,16GD0214,PI_517974_,12,1,0,15,0,15,-1.560243623,-13.69340873,2.347624092,702.5
OH7B,16GD0215,Ames_19323_,12,1,0,16,NA,NA,20.73596082,-14.00571146,16.2632673,1217.5
NC304,16GD0216,Ames_27148_,12,1,0,16,0,16,-56.1966532,41.46404155,-3.670373408,740
B103,16GD0217,Ames_27137_,13,1,0,12,NA,NA,18.05203124,-18.89515929,6.944714961,802.5
FR481,16GD0218,61:200-1,13,1,0,18,0,18,NA,NA,NA,322.5
CQ183,16GD0219,PI_595542_,13,1,0,15,NA,NA,NA,NA,NA,2535
NC296,16GD0220,PI_550555_,13,1,0,17,0,17,-70.94879394,58.75820393,-11.39140598,1112.5
HY,16GD0221,PI_583352_,13,1,0,18,0,18,33.27275632,-8.973169692,3.033698006,1042.5
B10,16GD0222,Ames_27102_,13,1,11.76470588,17,2,15,44.46315045,12.3651405,20.91410097,1012.5
CML154Q,16GD0223,Ames_27185_,13,1,66.66666667,9,6,3,-42.05332425,27.04224483,4.456096054,1925
CH701-30,16GD0224,Ames_27259_,13,1,0,17,0,NA,11.18658183,-15.63273644,9.620206067,385
W153R,16GD0225,PI_506248_,13,1,63.63636364,11,7,4,2.853385964,-21.37992503,4.505166365,1142.5
H49,16GD0226,PI_587142_,13,1,11.76470588,17,2,15,1.324741808,-24.45030366,16.29930541,627.5
VA35,16GD0227,NSL_53083_,13,1,0,17,0,17,-1.124431937,-30.96287472,-11.63705476,752.5
A441-5,16GD0228,Ames_24577_,13,1,0,4,0,4,-12.33124228,-4.955325971,1.215081436,530
VA26,16GD0229,Ames_27162_,13,1,0,14,0,14,27.72555207,-9.495974261,-5.850423801,1637.5
PA762,16GD0230,011:292-5,13,1,0,11,0,11,10.52293007,-46.39480863,-10.40739332,1297.5
CML11,16GD0231,Ames_27168_,13,1,0,19,0,19,-46.75739341,28.78774274,6.451921529,850
F2,16GD0232,Ames_27071_,13,1,0,16,0,16,NA,NA,NA,2407.5
FR4326,16GD0233,PI_540745_,13,1,0,10,NA,NA,NA,NA,NA,290
CML38,16GD0234,Ames_27088_,13,1,0,19,NA,NA,-43.72455848,25.45755654,3.815387644,1992.5
CQ183,16GD0235,Ames_27068_,14,1,0,17,NA,NA,NA,NA,NA,2582.5
TZI8,16GD0236,PI_506255_,14,1,0,18,NA,NA,NA,NA,NA,2582.5
MEF156-55-2,16GD0237,91:119-1,14,1,0,15,NA,NA,5.770679956,-44.87070826,-10.78220255,1112.5
VA102,16GD0238,NSL_445558_,14,1,0,12,NA,NA,-1.516114956,-26.34955676,-12.78540802,560
B64,16GD0239,PI_587143_,14,1,0,14,NA,NA,44.6582831,26.81784514,79.79854732,2280
CML10,16GD0240,Ames_27159_,14,1,0,15,NA,NA,-46.16270756,29.04711854,7.279585164,1012.5
MO46,16GD0241,001:55-2,14,1,13.33333333,15,2,13,8.327747424,-11.2113328,-4.943436049,450
H10,16GD0242,Ames_31535_,14,1,0,18,0,18,NA,NA,NA,690
NC354,16GD0243,PI_595561_,14,1,10,20,2,18,-59.1691763,49.8979737,-4.627986484,882.5
IA2132,16GD0244,011:292-5,14,1,76.47058824,17,13,4,13.86706209,-36.167697,-2.415219084,930
B109,16GD0245,Ames_20190_,14,1,0,15,0,15,98.17872797,62.17581045,-34.34727972,770
NC258,16GD0246,011:292-5,14,1,0,18,0,18,3.768505811,-46.97765857,-42.22736819,400
NC236,16GD0247,PI_594048_,14,1,0,15,0,15,1.199044606,-14.16233167,-3.8874005,1222.5
FR4326,16GD0248,Ames_27150_,14,1,0,17,0,17,NA,NA,NA,257.5
A188,16GD0249,91:174-1,14,1,0,9,0,9,-0.55328157,-20.77690215,-2.659514288,2345
N28HT,16GD0250,PI_608767_,14,1,66.66666667,18,12,6,32.60653528,6.235610416,8.680811919,1910
A659,16GD0251,NSL_65871_,14,1,16.66666667,18,3,15,11.4980658,-20.49533534,8.063083815,1750
KY21,16GD0252,Ames_27080_,14,1,6.25,16,1,15,4.320575183,-11.09334628,4.917624575,882.5
CML92,16GD0253,Ames_27130_,15,1,29.41176471,17,5,12,-26.058757,20.59836589,7.309515358,1077.5
I205,16GD0254,NSL_81599_,15,1,21.42857143,14,3,11,21.7790985,-14.7474697,10.33581932,1475
B84,16GD0255,Ames_27138_,15,1,0,17,0,17,68.95123238,28.00644325,5.301944346,545
H101,16GD0256,Ames_22443_,15,1,0,12,0,12,NA,NA,NA,575
NC308,16GD0257,011:292-5,15,1,0,19,0,19,NA,NA,NA,530
B105,16GD0258,Ames_12734_,15,1,20,15,3,12,31.73570619,6.005933544,-1.200490154,1217.5
FR4326,16GD0259,PI_531084_,15,1,0,17,0,17,NA,NA,NA,642.5
CM37,16GD0260,PI_597927_,15,1,17.64705882,17,3,14,7.103234036,-39.58247299,6.136856814,1015
FR4326,16GD0261,Ames_28364_,15,1,21.05263158,19,4,15,NA,NA,NA,435
CML52,16GD0262,Ames_27173_,15,1,20,15,3,12,-42.25705256,30.22814533,2.996859902,2037.5
38-11,16GD0263,91:162-4,15,1,42.10526316,19,8,11,17.20229026,-25.8778891,-5.020730623,1205
CQ183,16GD0264,PI_583351_,15,1,0,15,0,15,NA,NA,NA,2582.5
NC326,16GD0265,Ames_27072_,15,1,50,20,10,10,117.5285131,76.72342414,-39.42898129,1092.5
A682,16GD0266,PI_550440_,15,1,40,20,8,12,8.52082715,-32.74457699,-21.36716081,1720
Q6199,16GD0267,PI_587151_,15,1,0,18,NA,NA,NA,NA,NA,2360
CQ174,16GD0268,Ames_27135_,15,1,0,0,NA,NA,NA,NA,NA,NA
TZI25,16GD0269,PI_506246_,15,1,8.333333333,12,1,11,-6.984355574,30.68266082,-4.658652854,2310
CH9,16GD0270,001:55-2,15,1,16.66666667,18,3,15,4.39352227,-20.37079901,11.04980089,850
CML228,16GD0271,PI_595534_,16,1,0,16,0,16,-44.97867473,30.64671387,0.451133052,1397.5
TZI11,16GD0272,011:292-5,16,1,0,17,0,17,-27.17156559,17.73512231,-1.159251303,1637.5
CML5,16GD0273,PI_257506_,16,1,0,0,0,0,-43.23900313,25.80290848,1.110077961,NA
NC344,16GD0274,Ames_27258_,16,1,0,0,0,0,1.18796582,-45.62131866,-46.00545807,NA
FR4326,16GD0275,Ames_27184_,16,1,31.57894737,19,6,13,NA,NA,NA,355
NC332,16GD0276,PI_587149_,16,1,26.31578947,19,5,14,NA,NA,NA,2582.5
IDS91,16GD0277,Ames_27064_,16,1,0,14,0,14,3.793256749,-46.56144641,-21.42695781,2005
SC213R,16GD0278,PI_587150_,16,1,7.692307692,13,1,12,-12.40108517,-11.9356155,-2.202457502,962.5
A679,16GD0279,Ames_26787_,16,1,20,15,3,12,97.46308958,60.78564834,-41.57077115,997.5
TZI10,16GD0280,PI_587154_,16,1,0,14,0,14,-37.04511953,22.75446892,1.788860558,2135
KI14,16GD0281,Ames_27069_,16,1,0,18,0,18,-39.62604548,24.64113281,-0.881663506,980
PA875,16GD0282,Ames_27083_,16,1,6.25,16,1,15,-4.064198399,-10.32535164,-2.208489326,725
CML341,16GD0283,NSL_65865_,16,1,0,17,0,17,-42.01397723,29.23912623,-1.283767593,1060
MO47,16GD0284,Ames_26808_,16,1,0,16,0,16,-0.621237958,2.78509242,1.827147717,882.5
NC250,16GD0285,Ames_27144_,16,1,0,13,0,13,23.6909811,20.08487632,-41.76504703,725
CML254,16GD0286,001:55-2,16,1,0,17,0,17,-42.67560866,26.37222028,1.56523368,1590
CQ184A,16GD0287,011:254-2,16,1,0,8,NA,NA,NA,NA,NA,NA
N6,16GD0288,PI_594046_,16,1,0,14,0,14,7.957560546,-23.47912555,0.009598438,882.5
CM105,16GD0289,PI_587124_,17,1,50,14,7,7,60.41833459,11.74798859,78.01715105,1750
FR4326,16GD0290,011:292-5,17,1,0,14,0,14,NA,NA,NA,NA
NC342,16GD0291,Ames_27167_,17,1,0,15,NA,NA,1.213112974,-41.7350213,-47.65668083,352.5
F7,16GD0292,PI_257507_,17,1,0,13,0,13,-2.765921552,-31.23388411,-2.787474703,2022.5
CI64,16GD0293,Ames_19314_,17,1,0,14,0,14,-12.04276436,-9.126918166,7.313167587,545
H95,16GD0294,Ames_19319_,17,1,0,19,NA,NA,2.121193983,-25.40776909,-9.476270811,672.5
ND246,16GD0295,PI_550490_,17,1,81.25,16,13,3,3.653351769,-25.18670463,4.134703428,1927.5
FR4326,16GD0296,011:292-5,17,1,0,15,0,15,NA,NA,NA,257.5
MO17,16GD0297,PI_558532_,17,1,0,15,NA,NA,7.818376191,-32.1236089,-37.05950662,305
SD40,16GD0298,PI_606768_,17,1,0,13,0,13,28.8033304,-5.121191454,-0.709582263,385
NC230,16GD0299,Ames_12731_,17,1,0,17,0,17,-2.741792504,-12.63826445,-6.418521776,597.5
CML314,16GD0300,Ames_27094_,17,1,0,16,0,16,-41.75760674,22.72273517,5.054676221,867.5
NC366,16GD0301,Ames_27179_,17,1,0,17,0,17,-23.25559515,3.946937395,-7.485642832,997.5
NC314,16GD0302,Ames_27153_,17,1,0,14,0,14,65.3067883,42.1669398,-55.81521945,560
R177,16GD0303,NSL_30894_,17,1,29.41176471,17,5,12,8.542936378,-32.0167045,2.451575431,1125
CQ184A,16GD0304,011:196-1,17,1,0,16,0,16,NA,NA,NA,820
NC262,16GD0305,PI_531085_,17,1,0,12,NA,NA,-0.6497355,-44.21865023,-48.79814265,662.5
A6,16GD0306,Ames_27062_,17,1,0,13,NA,NA,-41.4510437,30.94404695,3.508071962,2072.5
CQ184A,16GD0307,011:196-1,18,1,0,11,NA,NA,NA,NA,NA,NA
A680,16GD0308,Ames_23503_,18,1,0,16,0,16,115.0132126,72.68300368,-40.88688116,885
I137TN,16GD0309,Ames_27116_,18,1,0,17,0,17,-18.26549584,-1.056309045,1.246524673,657.5
I29,16GD0310,Ames_27115_,18,1,0,20,NA,NA,3.45471888,-23.5585131,2.299968831,1287.5
CML61,16GD0311,Ames_27078_,18,1,23.52941176,17,4,13,-39.04712404,26.61401071,4.242000678,885
NC300,16GD0312,Ames_27146_,18,1,0,20,NA,NA,-50.32111089,30.32084419,-3.98751502,2440
MO45,16GD0313,PI_583350_,18,1,0,17,0,NA,-0.268157224,-5.271648899,-3.34571323,1975
CML157Q,16GD0314,Ames_27084_,18,1,56.25,16,9,7,-39.24073385,24.63151688,9.442898701,2487.5
MO1W,16GD0315,PI_558520_,18,1,5.882352941,17,1,16,-6.488908193,-17.76534618,14.64594207,645
VA14,16GD0316,Ames_27192_,18,1,0,15,0,15,-0.513800415,-28.65131152,-4.797409203,755
FR4326,16GD0317,011:292-5,18,1,0,16,0,16,NA,NA,NA,402.5
CML14,16GD0318,Ames_27074_,18,1,0,17,0,17,-40.97858833,26.97960805,2.096907755,900
C49,16GD0319,Ames_28290_,18,1,68.42105263,19,13,6,NA,NA,NA,2247.5
YU796_NS,16GD0320,Ames_27196_,18,1,22.22222222,18,4,14,1.346996624,-20.42339161,-7.649610848,482.5
A619,16GD0321,PI_587139_,18,1,0,18,0,18,13.6116358,-45.65231434,-8.615151613,962.5
KI44,16GD0322,Ames_27260_,18,1,16.66666667,18,3,15,-34.79644103,22.17052893,-3.457560551,2280
CQ184A,16GD0323,011:196-1,18,1,0,11,NA,NA,NA,NA,NA,NA
NC322,16GD0324,Ames_27157_,18,1,29.41176471,17,5,12,NA,NA,NA,2487.5
H105W,16GD0325,PI_587127_,19,1,35.29411765,17,6,11,46.59322518,8.867171673,70.20243403,2215
SC357,16GD0326,NSL_53094_,19,1,55.55555556,18,10,8,-5.496479952,-1.793210895,5.34279319,2007.5
M14,16GD0327,NSL_30867_,19,1,0,17,0,17,17.08297047,-23.37632449,3.397765116,947.5
CML261,16GD0328,Ames_27091_,19,1,52.94117647,17,9,8,-40.88920563,26.79218744,2.12169011,2182.5
A654,16GD0329,PI_587141_,19,1,21.42857143,14,3,11,-2.418116975,-16.80966102,9.621200978,1205
NC372,16GD0330,Ames_27182_,19,1,0,18,0,18,NA,NA,NA,965
VAW6,16GD0331,Ames_19000_,19,1,0,15,0,15,-1.266030999,-13.34840621,-1.529060772,1045
M162W,16GD0332,Ames_27134_,19,1,0,14,0,14,-17.52926801,-9.400982011,8.930247432,995
NC260,16GD0333,Ames_27140_,19,1,0,12,0,12,8.35270998,-20.67108907,-8.487415894,752.5
CI3A,16GD0334,Ames_26116_,19,1,36.84210526,19,7,12,7.720562595,-20.89768627,8.367149853,2037.5
CQ184A,16GD0335,011:196-1,19,1,0,10,NA,NA,NA,NA,NA,NA
C103,16GD0336,Ames_19284_,19,1,0,15,NA,NA,0.607414446,-43.19076273,-40.41082742,355
CML218,16GD0337,Ames_27086_,19,1,47.05882353,17,8,9,-40.51909962,22.94623814,4.001256018,2392.5
KY226,16GD0338,Ames_27131_,19,1,0,15,0,15,-4.375266283,4.989526994,-6.008752091,482.5
FR4326,16GD0339,011:292-5,19,1,0,14,0,14,NA,NA,NA,355
VA17,16GD0340,Ames_19002_,19,1,0,17,0,17,-0.207081031,-31.36517353,-3.527555368,385
CI21E,16GD0341,CIze_21_,19,1,0,17,0,17,23.91155959,-2.874549031,9.064567786,835
CML332,16GD0342,Ames_27100_,19,1,0,17,0,17,-43.27318619,30.05802516,9.425039081,2630
B57,16GD0343,PI_550472_,20,2,12.5,16,2,14,-0.043149626,-13.91885848,3.405622365,787.5
CML52,16GD0344,PI_595561_,20,2,0,6,NA,NA,-42.25705256,30.22814533,2.996859902,1155
N7A,16GD0345,Ames_28366_,20,2,0,15,NA,NA,40.00976945,1.134412308,26.88151559,2630
IL101,16GD0346,Ames_27119_,20,2,0,16,NA,NA,18.07986288,-58.45712579,1.889732698,1225
KI3,16GD0347,Ames_27123_,20,2,0,18,NA,NA,-44.27741348,32.19240894,-1.445472668,500
FR4326,16GD0348,011:292-5,20,2,0,15,0,15,NA,NA,NA,387.5
CI31A,16GD0349,Ames_21512_,20,2,0,11,0,11,0.504381342,-12.291575,-0.339863231,805
CQ184A,16GD0350,2:277-1,20,2,0,0,0,0,NA,NA,NA,NA
M14,16GD0351,NSL_30867_,20,2,0,17,0,17,17.08297047,-23.37632449,3.397765116,755
NC306,16GD0352,Ames_27149_,20,2,0,14,0,14,86.46666717,60.93866966,-56.75103441,1092.5
SG18,16GD0353,NSL_75979_,20,2,0,17,0,17,5.848902225,-34.35037935,-12.48786819,867.5
NC344,16GD0354,Ames_27168_,20,2,66.66666667,18,12,6,1.18796582,-45.62131866,-46.00545807,500
MT42,16GD0355,Ames_20140_,20,2,0,13,0,13,4.57574921,-16.78285018,3.46049604,2535
CML321,16GD0356,Ames_27095_,20,2,0,18,0,18,-42.04858384,24.24700811,1.31529516,802.5
CML157Q,16GD0357,Ames_27084_,20,2,0,8,NA,NA,-39.24073385,24.63151688,9.442898701,2535
H10,16GD0358,91:162-4,20,2,0,16,0,16,NA,NA,NA,917.5
33-16,16GD0359,Ames_26771_,20,2,0,17,0,17,0.539686033,-18.56046063,6.661915334,612.5
NC290A,16GD0360,Ames_27141_,20,2,0,12,0,12,-0.978645103,-45.76666337,-52.91401206,NA
NC296,16GD0361,011:292-5,21,2,0,16,0,16,-70.94879394,58.75820393,-11.39140598,NA
K4,16GD0362,001:55(x)-1,21,2,10,20,2,18,8.087195303,-12.69957895,2.112241651,1012.5
NC336,16GD0363,Ames_27178_,21,2,0,16,0,16,-67.1112213,58.26204757,-9.052153494,997.5
CML103,16GD0364,Ames_27091_,21,2,6.25,16,1,15,-28.44430472,16.55204844,1.236552253,997.5
KI21,16GD0365,011:196-1,21,2,0,16,0,16,-23.74384879,3.622274709,-15.43895828,1432.5
A680,16GD0366,PI_550440_,21,2,0,18,0,18,115.0132126,72.68300368,-40.88688116,645
SD44,16GD0367,Ames_31537_,21,2,0,16,0,16,10.33501049,-19.40793592,2.853947241,802.5
SA24,16GD0368,PI_595534_,21,2,0,19,0,19,-0.703594899,-41.25162972,-16.09474919,737.5
NC332,16GD0369,PI_594047_,21,2,10.52631579,19,2,17,NA,NA,NA,2375
CQ183,16GD0370,Ames_27146_,21,2,0,18,NA,NA,NA,NA,NA,2582.5
Il677a,16GD0371,Ames_32877_,21,2,46.15384615,13,6,7,7.048775848,-38.36265561,0.288165317,290
IA2132,16GD0372,Ames_28367_,21,2,75,8,6,2,13.86706209,-36.167697,-2.415219084,785
B97,16GD0373,Ames_20190_,21,2,0,15,0,15,12.80643651,-18.96758231,1.268521887,707.5
A682,16GD0374,011:292-5,21,2,56.25,16,9,7,8.52082715,-32.74457699,-21.36716081,1302.5
W153R,16GD0375,PI_540745_,21,2,0,16,NA,NA,2.853385964,-21.37992503,4.505166365,1285
A654,16GD0376,Ames_27113_,21,2,0,7,0,7,-2.418116975,-16.80966102,9.621200978,1432.5
FR4326,16GD0377,Ames_27171_,21,2,0,16,0,16,NA,NA,NA,387.5
P39,16GD0378,PI_587130_,21,2,64.28571429,14,9,5,17.56201466,-61.89522224,-2.021288541,900
SG1533,16GD0379,Ames_27174_,22,2,0,15,NA,NA,1.668695541,-32.60970144,-12.11231726,1220
KY226,16GD0380,Ames_19284_,22,2,0,0,NA,NA,-4.375266283,4.989526994,-6.008752091,NA
OS420,16GD0381,Ames_28939_,22,2,0,14,NA,NA,16.2123042,-15.5759409,-0.073895879,1480
AB28A,16GD0382,011:292-5,22,2,15.78947368,19,3,16,-0.71922483,-12.29781207,-4.335430412,1735
NC232,16GD0383,Ames_24577_,22,2,30,10,3,7,-7.865716034,-5.526093463,3.364906432,1815
T232,16GD0384,Ames_27082_,22,2,15.78947368,19,3,16,3.951456921,-1.069914285,13.02710897,1110
CML61,16GD0385,PI_550461_,22,2,12.5,16,2,14,-39.04712404,26.61401071,4.242000678,1157.5
FR4326,16GD0386,Ames_27072_,22,2,0,16,0,16,NA,NA,NA,595
CQ184A,16GD0387,Ames_27107_,22,2,0,0,NA,NA,NA,NA,NA,NA
NC324,16GD0388,Ames_12729_,22,2,0,13,0,13,56.46249013,43.74653069,-60.5384587,495
B76,16GD0389,PI_550558_,22,2,0,15,0,15,37.0049393,7.617115858,-25.04577874,335
F2,16GD0390,PI_583350_,22,2,13.33333333,15,2,13,NA,NA,NA,2440
R177,16GD0391,011:196-1,22,2,0,14,0,14,8.542936378,-32.0167045,2.451575431,755
NC238,16GD0392,PI_550467_,22,2,0,15,0,15,-10.95847136,-5.479224453,4.494551957,2487.5
B52,16GD0393,Ames_27258_,22,2,16.66666667,18,3,15,13.17106707,-14.49556818,-6.602594114,1910
NC354,16GD0394,Ames_27080_,22,2,21.42857143,14,3,11,-59.1691763,49.8979737,-4.627986484,1172.5
NC346,16GD0395,Ames_27145_,22,2,0,8,NA,NA,-70.78917039,58.74822659,-11.20488565,820
KUI2021,16GD0396,011:292-5,22,2,0,18,0,18,NA,NA,NA,1252.5
FR4326,16GD0397,Ames_27129_,23,2,0,16,0,16,NA,NA,NA,662.5
NC296A,16GD0398,Ames_27169_,23,2,0,13,0,13,-70.23995443,58.78096611,-11.55796374,787.5
CML92,16GD0399,Ames_27173_,23,2,0,17,0,17,-26.058757,20.59836589,7.309515358,1302.5
CML11,16GD0400,PI_550454_,23,2,0,19,0,19,-46.75739341,28.78774274,6.451921529,802.5
B37,16GD0401,Ames_12735_,23,2,0,19,0,19,51.06617776,10.94399871,-23.95468751,545
CQ184A,16GD0402,NSL_30894_,23,2,0,0,NA,NA,NA,NA,NA,NA
MO45,16GD0403,PI_257506_,23,2,0,20,0,20,-0.268157224,-5.271648899,-3.34571323,1415
DE811,16GD0404,PI_550483_,23,2,0,17,0,17,38.51833018,13.34783486,45.71405277,1575
NC222,16GD0405,Ames_27158_,23,2,0,15,0,15,-2.732669843,-16.18073154,4.194822603,852.5
CO255,16GD0406,011:196-1,23,2,68.75,16,11,5,-3.356248807,-28.41555682,0.33973009,1352.5
CML10,16GD0407,011:292-5,23,2,6.25,16,1,15,-46.16270756,29.04711854,7.279585164,1222.5
B14A,16GD0408,Ames_27078_,23,2,11.76470588,17,2,15,87.00017478,37.20729802,96.84559765,1575
CML108,16GD0409,PI_550522_,23,2,36.84210526,19,7,12,-32.38015847,16.11018917,-1.961658627,1302.5
IDS91,16GD0410,Ames_12732_,23,2,23.52941176,17,4,13,3.793256749,-46.56144641,-21.42695781,1895
FR4326,16GD0411,Ames_18999_,23,2,0,15,0,15,NA,NA,NA,565
MO44,16GD0412,NSL_65874_,23,2,0,18,0,18,14.75397319,-19.23740746,0.795661783,547.5
C103,16GD0413,Ames_27131_,23,2,12.5,16,2,14,0.607414446,-43.19076273,-40.41082742,642.5
NC356,16GD0414,PI_587132_,23,2,11.76470588,17,2,15,-50.38864048,30.52342336,-3.934690696,882.5
4722,16GD0415,Ames_28186_,24,2,0,17,0,17,3.373167495,-41.35235071,-9.666009047,947.5
NC350,16GD0416,011:292-5,24,2,0,18,NA,NA,-57.50082902,46.13946815,-1.947513811,1075
GT112,16GD0417,PI_587141_,24,2,0,0,2,-2,-16.0254279,-5.87815896,-1.509433446,NA
TZI11,16GD0418,PI_587154_,24,2,0,18,0,18,-27.17156559,17.73512231,-1.159251303,1540
FR4326,16GD0419,PI_587143_,24,2,0,17,0,17,NA,NA,NA,452.5
CM37,16GD0420,PI_564682_,24,2,0,18,0,18,7.103234036,-39.58247299,6.136856814,1092.5
CI.7,16GD0421,Ames_28364_,24,2,0,16,NA,NA,9.054564764,-17.81699973,6.386474681,930
A641,16GD0422,Ames_27120_,24,2,0,11,0,11,42.55263735,7.271609976,62.37554149,1172.5
NC300,16GD0423,001:55-2,24,2,0,16,NA,NA,-50.32111089,30.32084419,-3.98751502,2022.5
B104,16GD0424,Ames_27162_,24,2,0,11,NA,NA,63.3780185,26.05150773,4.604268474,1127.5
CML38,16GD0425,Ames_27188_,24,2,0,16,0,16,-43.72455848,25.45755654,3.815387644,1240
CI28A,16GD0426,PI_524969_,24,2,5,20,1,19,-3.696627339,-5.08161588,1.41241627,595
B64,16GD0427,Ames_23503_,24,2,0,17,NA,NA,44.6582831,26.81784514,79.79854732,1492.5
CQ184A,16GD0428,Ames_27125_,24,2,NA,NA,NA,NA,NA,NA,NA,NA
CML261,16GD0429,Ames_27081_,24,2,0,17,0,17,-40.88920563,26.79218744,2.12169011,1542.5
NC364,16GD0430,Ames_27164_,24,2,0,11,NA,NA,-19.09515424,-25.41176362,-41.96467774,1865
CQ183,16GD0431,NSL_30038_,24,2,0,17,NA,NA,NA,NA,NA,2630
FR4326,16GD0432,Ames_27144_,24,2,0,13,0,13,NA,NA,NA,225
I29,16GD0433,Ames_27115_,25,2,56.25,16,9,7,3.45471888,-23.5585131,2.299968831,1317.5
CML264,16GD0434,PI_595544_,25,2,0,12,0,12,-41.52901857,27.91072585,3.868968,770
NC250,16GD0435,PI_550555_,25,2,0,16,0,16,23.6909811,20.08487632,-41.76504703,272.5
CML45,16GD0436,Ames_27076_,25,2,0,6,0,6,-45.7654105,27.75622987,3.472091228,915
D940Y,16GD0437,Ames_27108_,25,2,5.555555556,18,1,17,-5.538614148,-9.050781136,2.77914235,1685
CO106,16GD0438,Ames_27105_,25,2,63.63636364,11,7,4,3.420020618,-21.36548447,7.197352884,2582.5
FR4326,16GD0439,011:292-5,25,2,0,19,0,19,NA,NA,NA,257.5
B103,16GD0440,PI_594046_,25,2,0,19,0,19,18.05203124,-18.89515929,6.944714961,530
ND246,16GD0441,PI_550490_,25,2,0,15,NA,NA,3.653351769,-25.18670463,4.134703428,2310
A239,16GD0442,Ames_23405_,25,2,0,16,NA,NA,15.64477622,-18.56891165,10.77078731,1940
CI66,16GD0443,PI_587148_,25,2,0,17,NA,NA,-11.03234293,-9.263131882,1.859957349,530
CQ184A,16GD0444,011:196-1,25,2,0,0,NA,NA,NA,NA,NA,NA
KUI2007,16GD0445,Ames_27128_,25,2,0,19,NA,NA,NA,NA,NA,1172.5
OH40B,16GD0446,NSL_28966_,25,2,10.52631579,19,2,17,11.1869718,-41.98589319,-12.95783566,852.5
B73HTRHM,16GD0447,Ames_27065_,25,2,25,20,5,15,119.8108135,77.20368014,-44.083382,1395
B105,16GD0448,PI_594048_,25,2,0,14,NA,NA,31.73570619,6.005933544,-1.200490154,1220
CML323,16GD0449,Ames_27097_,25,2,11.11111111,18,2,16,-26.07168123,14.55539057,2.768178046,942.5
VA102,16GD0450,PI_587151_,25,2,7.692307692,13,1,12,-1.516114956,-26.34955676,-12.78540802,545
CQ184A,16GD0451,011:196-1,26,2,0,13,0,13,NA,NA,NA,NA
I205,16GD0452,NSL_65871_,26,2,0,15,NA,NA,21.7790985,-14.7474697,10.33581932,1605
N192,16GD0453,PI_550566_,26,2,0,17,NA,NA,102.0166102,60.94915557,0.780215804,2327.5
TZI16,16GD0454,PI_540747_,26,2,0,17,NA,NA,-15.35285878,13.71410672,0.687895998,1207.5
U267Y,16GD0455,Ames_27191_,26,2,16.66666667,18,3,15,-14.71476323,-4.045317033,2.965573786,802.5
B96,16GD0456,PI_270297_,26,2,0,11,NA,NA,NA,NA,NA,932.5
CML238,16GD0457,Ames_27089_,26,2,0,13,NA,NA,-43.11325606,23.10038691,1.866392881,1317.5
NC368,16GD0458,Ames_27180_,26,2,0,12,0,12,74.34774003,57.08299112,-44.05250434,1095
CI64,16GD0459,Ames_19314_,26,2,0,16,0,16,-12.04276436,-9.126918166,7.313167587,447.5
CML228,16GD0460,Ames_27088_,26,2,0,15,NA,NA,-44.97867473,30.64671387,0.451133052,1270
TZI9,16GD0461,PI_506247_,26,2,61.11111111,18,11,7,-39.8778595,26.02823188,5.645261509,1622.5
FR4326,16GD0462,011:292-5,26,2,0,18,0,18,NA,NA,NA,355
CML158Q,16GD0463,Ames_27085_,26,2,0,14,0,14,-41.42384935,25.38461621,4.223433692,930
MEF156-55-2,16GD0464,Ames_27135_,26,2,0,14,NA,NA,5.770679956,-44.87070826,-10.78220255,1350
MO24W,16GD0465,PI_587144_,26,2,0,17,NA,NA,-6.422187206,-8.843179601,0.654074783,2135
NC268,16GD0466,PI_587145_,26,2,0,14,NA,NA,NA,NA,NA,1220
CML287,16GD0467,PI_595565_,26,2,0,2,0,2,-39.70003998,24.34405348,6.355674857,NA
KI44,16GD0468,Ames_27260_,26,2,0,18,NA,NA,-34.79644103,22.17052893,-3.457560551,2327.5
B79,16GD0469,PI_608766_,27,2,33.33333333,18,6,12,23.39999554,-16.95957966,22.64045478,1445
CML5,16GD0470,Ames_27071_,27,2,0,15,0,15,-43.23900313,25.80290848,1.110077961,1735
NC340,16GD0471,Ames_27166_,27,2,80,15,12,3,-49.75713583,31.04382809,-4.68402553,2535
CML258,16GD0472,Ames_27090_,27,2,55,20,11,9,-42.29236566,30.12888704,3.839800887,1222.5
FR4326,16GD0473,011:292-5,27,2,27.77777778,18,5,13,NA,NA,NA,322.5
MO18W,16GD0474,PI_550441_,27,2,0,20,0,20,-29.23663967,2.642587889,3.956546615,2375
NC348,16GD0475,Ames_27170_,27,2,0,18,NA,NA,-62.28440939,51.53954713,-6.806368854,1845
VAW6,16GD0476,Ames_19000_,27,2,16.66666667,12,2,10,-1.266030999,-13.34840621,-1.529060772,867.5
NC304,16GD0477,Ames_27148_,27,2,0,15,0,15,-56.1966532,41.46404155,-3.670373408,675
CQ184A,16GD0478,011:196-1,27,2,0,13,0,13,NA,NA,NA,NA
CML77,16GD0479,Ames_28185_,27,2,0,12,NA,NA,-30.84483019,17.78538232,2.62515553,2915
NC312,16GD0480,Ames_27152_,27,2,0,19,NA,NA,NA,NA,NA,1172.5
IDS69,16GD0481,Ames_24576_,27,2,0,19,0,19,3.559854659,-45.54002241,-19.69965823,1495
CH9,16GD0482,Ames_27068_,27,2,0,20,0,20,4.39352227,-20.37079901,11.04980089,930
C123,16GD0483,Ames_19313_,27,2,0,18,0,18,-2.216013785,-31.31129172,-25.13297865,722.5
CML277,16GD0484,PI_595550_,27,2,0,16,0,16,-45.3760567,28.62419903,2.18965058,867.5
PA762,16GD0485,Ames_27184_,27,2,0,0,0,0,10.52293007,-46.39480863,-10.40739332,NA
I137TN,16GD0486,Ames_27116_,27,2,0,17,NA,NA,-18.26549584,-1.056309045,1.246524673,817.5
FR4326,16GD0487,011:292-5,28,2,0,12,0,12,NA,NA,NA,515
A635,16GD0488,Ames_19309_,28,2,0,15,0,15,68.251475,23.3859272,82.59711739,2587.5
B46,16GD0489,PI_550469_,28,2,0,1,NA,NA,29.99944839,-12.37375392,22.47855817,1225
CML331,16GD0490,Ames_27099_,28,2,0,17,NA,NA,-41.24665573,30.56648446,10.43194506,2677.5
Q6199,16GD0491,NSL_445558_,28,2,0,20,NA,NA,NA,NA,NA,2327.5
CQ184A,16GD0492,011:196-1,28,2,0,13,NA,NA,NA,NA,NA,NA
KY21,16GD0493,Ames_27130_,28,2,0,12,NA,NA,4.320575183,-11.09334628,4.917624575,995
DE1,16GD0494,PI_606329_,28,2,0,14,0,14,2.174247088,-19.12836553,-3.311801334,1155
VA99,16GD0495,Ames_24989_,28,2,0,17,0,17,23.77838176,-26.66930226,5.234288296,915
CML332,16GD0496,Ames_27100_,28,2,53.33333333,15,8,7,-43.27318619,30.05802516,9.425039081,2677.5
NC230,16GD0497,Ames_12731_,28,2,0,19,0,19,-2.741792504,-12.63826445,-6.418521776,867.5
K148,16GD0498,Ames_27122_,28,2,0,14,0,14,-2.979751179,-17.40265592,0.100007965,885
C49,16GD0499,Ames_28290_,28,2,0,17,NA,NA,NA,NA,NA,2535
HP301,16GD0500,PI_587131_,28,2,0,8,NA,NA,4.661818372,-44.95640062,-21.2322872,NA
W22,16GD0501,NSL_30053_,28,2,0,13,NA,NA,16.74351841,-24.99420427,10.76675356,1300
CH701-30,16GD0502,Ames_27069_,28,2,27.77777778,18,5,13,11.18658183,-15.63273644,9.620206067,532.5
CML91,16GD0503,Ames_27079_,28,2,0,16,0,16,-29.04103703,16.84230111,5.13657049,980
CM174,16GD0504,Ames_19316_,28,2,0,14,0,14,60.85692399,12.20238163,78.22478815,1652.5
CQ184A,16GD0505,PI_257507_,29,2,0,8,NA,NA,NA,NA,NA,NA
NC314,16GD0506,PI_587147_,29,2,0,12,0,12,65.3067883,42.1669398,-55.81521945,480
CML322,16GD0507,Ames_27159_,29,2,0,17,0,17,-34.27279201,23.62033671,16.39194059,915
TZI25,16GD0508,PI_550518_,29,2,30.76923077,13,4,9,-6.984355574,30.68266082,-4.658652854,1350
H100,16GD0509,Ames_27066_,29,2,0,15,NA,NA,NA,NA,NA,1492.5
VA7,16GD0510,PI_595541_,29,2,0,7,NA,NA,NA,NA,NA,577.5
FR4326,16GD0511,Ames_27177_,29,2,0,15,0,15,NA,NA,NA,NA
B68,16GD0512,PI_587127_,29,2,0,17,0,17,61.79475893,27.66003176,92.3411384,947.5
FR481,16GD0513,Ames_27106_,29,2,0,12,0,12,NA,NA,NA,387.5
PA880,16GD0514,011:196-1,29,2,6.666666667,15,1,14,-1.560243623,-13.69340873,2.347624092,1172.5
NC298,16GD0515,Ames_27187_,29,2,5.555555556,18,1,17,-63.89923855,52.08071054,-5.816836427,1125
DE_2,16GD0516,PI_606768_,29,2,7.692307692,13,1,12,4.877862773,-15.54662992,-2.714909895,1252.5
H91,16GD0517,Ames_27098_,29,2,42.10526316,19,8,11,79.4128994,32.5185848,94.50939111,1750
F2834T,16GD0518,PI_595542_,29,2,0,15,0,15,-22.97010946,4.708009328,5.122217682,740
A6,16GD0519,PI_506246_,29,2,0,17,NA,NA,-41.4510437,30.94404695,3.508071962,1877.5
CI91B,16GD0520,011:292-5,29,2,0,6,NA,NA,23.59406066,-7.285160478,-19.04647974,NA
KI14,16GD0521,Ames_28291_,29,2,0,18,0,18,-39.62604548,24.64113281,-0.881663506,690
A188,16GD0522,Ames_27083_,29,2,0,16,NA,NA,-0.55328157,-20.77690215,-2.659514288,1640
YU796_NS,16GD0523,PI_608767_,30,2,0,17,0,17,1.346996624,-20.42339161,-7.649610848,867.5
E2558W,16GD0524,Ames_27087_,30,2,0,0,NA,NA,-6.615316884,-12.22529616,4.913856438,NA
FR4326,16GD0525,Ames_27064_,30,2,0,17,0,17,NA,NA,NA,417.5
C49A,16GD0526,PI_587152_,30,2,68.42105263,19,13,6,8.881832891,-16.79686367,13.33024778,2405
NC236,16GD0527,PI_592734_,30,2,0,16,0,16,1.199044606,-14.16233167,-3.8874005,1362.5
VA59,16GD0528,Ames_32364_,30,2,0,18,0,18,-3.724553572,-31.27390685,-21.47115268,400
CML9,16GD0529,011:196-1,30,2,0,17,0,17,NA,NA,NA,560
MS1334,16GD0530,Ames_26116_,30,2,0,17,NA,NA,-0.721162342,-18.99898589,-4.435317794,2440
CQ184A,16GD0531,PI_583351_,30,2,0,1,NA,NA,NA,NA,NA,NA
NC318,16GD0532,PI_587142_,30,2,0,14,NA,NA,-18.57486015,-4.7329421,2.558625832,2565
CML218,16GD0533,Ames_27139_,30,2,41.66666667,12,5,7,-40.51909962,22.94623814,4.001256018,2120
SC213R,16GD0534,PI_587125_,30,2,0,15,0,15,-12.40108517,-11.9356155,-2.202457502,995
K55,16GD0535,Ames_27192_,30,2,6.25,16,1,15,-5.229622306,-12.35581964,-0.762540469,515
A634,16GD0536,Ames_19327_,30,2,64.70588235,17,11,6,61.47494131,20.08964619,85.20792152,2247.5
NC366,16GD0537,011:292-5,30,2,42.10526316,19,8,11,-23.25559515,3.946937395,-7.485642832,1735
NC302,16GD0538,Ames_31534_,30,2,0,20,0,20,-59.35268641,48.03583076,-3.022896974,882.5
GA209,16GD0539,Ames_19319_,30,2,0,6,0,6,-1.726534304,-12.33675535,5.102801329,NA
CQ174,16GD0540,Ames_27160_,30,2,0,4,NA,NA,NA,NA,NA,1240
NC328,16GD0541,91:119-1,31,2,0,13,NA,NA,103.2013342,73.48146604,-51.42264322,625
H95,16GD0542,Ames_10248_,31,2,0,16,NA,NA,2.121193983,-25.40776909,-9.476270811,705
CI90C,16GD0543,Ames_27147_,31,2,0,19,0,19,-4.239407335,-8.433343912,3.569782141,547.5
FR4326,16GD0544,Ames_27179_,31,2,0,16,0,16,NA,NA,NA,385
TX303,16GD0545,Ames_19308_,31,2,0,16,0,16,-20.18653563,2.3379786,0.526028213,912.5
VA14,16GD0546,Ames_22754_,31,2,0,17,0,17,-0.513800415,-28.65131152,-4.797409203,560
CO109,16GD0547,NSL_53083_,31,2,27.27272727,11,3,8,NA,NA,NA,720
NC33,16GD0548,Ames_27086_,31,2,0,18,0,18,-5.479865221,-14.8885983,4.06903586,817.5
A679,16GD0549,Ames_27155_,31,2,5.882352941,17,1,16,97.46308958,60.78564834,-41.57077115,802.5
MO46,16GD0550,011:196-1,31,2,6.666666667,15,1,14,8.327747424,-11.2113328,-4.943436049,787.5
CI3A,16GD0551,Ames_24752_,31,2,0,18,0,NA,7.720562595,-20.89768627,8.367149853,950
CQ184A,16GD0552,PI_595530_,31,2,0,1,NA,NA,NA,NA,NA,NA
F6,16GD0553,Ames_19016_,31,2,31.57894737,19,6,13,-8.278925039,-8.908372944,-2.777179673,1720
R229,16GD0554,Ames_12734_,31,2,0,18,0,18,102.9752107,72.36380171,-42.3528901,705
W64A,16GD0555,Ames_27067_,31,2,0,18,NA,NA,16.61404767,-24.88781155,10.77409214,607.5
A441-5,16GD0556,011:292-5,31,2,0,0,NA,NA,-12.33124228,-4.955325971,1.215081436,NA
CML220,16GD0557,Ames_27110_,31,2,11.11111111,18,2,16,-39.59909215,25.10756214,6.812669432,1415
B84,16GD0558,Ames_27196_,31,2,0,16,0,16,68.95123238,28.00644325,5.301944346,480
CML154Q,16GD0559,Ames_22443_,32,2,0,9,NA,NA,-42.05332425,27.04224483,4.456096054,1895
HI27,16GD0560,Ames_27259_,32,2,0,16,NA,NA,-18.01386598,27.54877864,26.29186695,2022.5
FR4326,16GD0561,Ames_28365_,32,2,0,17,0,17,NA,NA,NA,402.5
TZI8,16GD0562,Ames_27062_,32,2,25,20,5,15,NA,NA,NA,2165
CML254,16GD0563,Ames_27112_,32,2,26.31578947,19,5,14,-42.67560866,26.37222028,1.56523368,1190
CML328,16GD0564,Ames_27114_,32,2,0,20,0,20,-36.47654426,17.19710495,3.439229172,950
SD40,16GD0565,PI_606330_,32,2,0,16,0,16,28.8033304,-5.121191454,-0.709582263,402.5
R4,16GD0566,Ames_27261_,32,2,0,13,0,13,19.3061223,-19.67961739,-0.640151215,785
CQ184A,16GD0567,PI_517974_,32,2,0,0,NA,NA,NA,NA,NA,NA
CO125,16GD0568,011:254-2,32,2,0,11,NA,NA,2.966754614,-15.11390052,-1.360064838,640
H105W,16GD0569,PI_550465_,32,2,6.666666667,15,1,14,46.59322518,8.867171673,70.20243403,2037.5
NC362,16GD0570,011:292-5,32,2,0,15,0,15,-19.10817569,-25.44016492,-41.9052686,1735
CML247,16GD0571,91:536bulk,32,2,11.11111111,18,2,16,-48.263123,26.12204373,6.505800619,847.5
B164,16GD0572,Ames_22748_,32,2,10.52631579,19,2,17,17.10287692,-11.84485125,3.922865881,945
T8,16GD0573,PI_506255_,32,2,5.882352941,17,1,16,-3.295592017,-24.76071965,-4.994846272,625
NC326,16GD0574,Ames_27096_,32,2,0,17,0,17,117.5285131,76.72342414,-39.42898129,607.5
PA91,16GD0575,Ames_27153_,32,2,0,14,0,14,11.77687764,-38.3191823,-3.671888543,337.5
F7,16GD0576,011:196-1,32,2,0,10,0,10,-2.765921552,-31.23388411,-2.787474703,1670
MS71,16GD0577,PI_587137_,33,2,0,17,0,17,12.09010508,-21.2396621,7.008893024,465
R168,16GD0578,Ames_19326_,33,2,20,15,3,12,13.95095801,-27.55454579,4.306931094,867.5
B75,16GD0579,PI_608774_,33,2,0,16,0,16,11.00776858,-17.10043718,2.076878176,225
B73,16GD0580,011:1002-4,33,2,0,16,NA,NA,121.3614021,78.3082649,-44.57608555,932.5
OH7B,16GD0581,Ames_19323_,33,2,0,16,0,16,20.73596082,-14.00571146,16.2632673,1475
FR4326,16GD0582,011:292-5,33,2,0,18,0,18,NA,NA,NA,355
38-11,16GD0583,Ames_31535_,33,2,0,20,0,20,17.20229026,-25.8778891,-5.020730623,1492.5
NC262,16GD0584,PI_531085_,33,2,6.25,16,1,15,-0.6497355,-44.21865023,-48.79814265,467.5
NC294,16GD0585,Ames_27143_,33,2,0,14,0,14,80.92948,51.50079358,-61.17232308,850
CQ184A,16GD0586,011:196-2,33,2,0,10,NA,NA,NA,NA,NA,1157.5
A661,16GD0587,PI_607521_,33,2,29.41176471,17,5,12,7.969925677,-18.39805885,5.329652759,2215
CQ184A,16GD0588,011:196-1,33,2,0,0,NA,NA,NA,NA,NA,NA
CML341,16GD0589,Ames_27102_,33,2,0,18,0,18,-42.01397723,29.23912623,-1.283767593,1815
L317,16GD0590,NSL_65873_,33,2,10,20,2,18,0.897919085,-24.81822207,8.684194975,1525
NC334,16GD0591,Ames_27163_,33,2,47.36842105,19,9,10,NA,NA,NA,2582.5
A632,16GD0592,PI_587140_,33,2,26.31578947,19,5,14,69.05054986,19.62540012,92.75056354,1925
W117HT,16GD0593,Ames_8399_,33,2,12.5,16,2,14,0.145942527,-14.01804789,-1.245258452,2007.5
A619,16GD0594,PI_587139_,33,2,6.25,16,1,15,13.6116358,-45.65231434,-8.615151613,1685
CML69,16GD0595,Ames_28184_,34,2,13.33333333,15,2,13,-44.97850702,28.00617775,2.466937401,1077.5
EP1,16GD0596,Ames_27111_,34,2,5.882352941,17,1,16,-7.904623468,-23.69667769,-3.925190108,1752.5
NC372,16GD0597,Ames_27182_,34,2,10.52631579,19,2,17,NA,NA,NA,1092.5
B10,16GD0598,NSL_65865_,34,2,40,15,6,9,44.46315045,12.3651405,20.91410097,785
Ia5125,16GD0599,PI_587135_,34,2,46.66666667,15,7,8,17.83869305,-41.66280696,8.926404192,1127.5
NC308,16GD0600,Ames_27150_,34,2,0,20,0,20,NA,NA,NA,755
FR4326,16GD0601,011:292-5,34,2,0,15,0,15,NA,NA,NA,290
IDS28,16GD0602,Ames_24575_,34,2,0,19,0,19,2.145709954,-35.51288758,-8.254552567,1027.5
NC338,16GD0603,Ames_27165_,34,2,25,16,4,12,-54.33620867,44.64095091,-6.200258324,1030
N28HT,16GD0604,Ames_27138_,34,2,0,18,NA,NA,32.60653528,6.235610416,8.680811919,1207.5
CM105,16GD0605,PI_587124_,34,2,0,16,NA,NA,60.41833459,11.74798859,78.01715105,2135
MO1W,16GD0606,PI_558520_,34,2,0,19,0,19,-6.488908193,-17.76534618,14.64594207,675
CQ184A,16GD0607,011:196-1,34,2,0,1,0,1,NA,NA,NA,NA
CM7,16GD0608,Ames_27070_,34,2,0,18,0,18,3.155041535,-19.64861389,3.907612291,935
N6,16GD0609,Ames_27137_,34,2,0,17,NA,NA,7.957560546,-23.47912555,0.009598438,722.5
VA22,16GD0610,Ames_19328_,34,2,0,18,0,18,-5.205894127,-23.62837273,-15.14700096,480
A214N,16GD0611,Ames_31536_,34,2,35.71428571,14,5,9,16.90279576,19.09044058,41.73048379,1157.5
CI187-2,16GD0612,Ames_26138_,34,2,64.28571429,14,9,5,24.45758619,-8.019804657,-21.3981206,1107.5
W182B,16GD0613,Ames_19330_,35,2,5.263157895,19,1,18,14.14700009,-28.45212109,4.51233793,1125
NC316,16GD0614,Ames_27154_,35,2,0,18,NA,NA,NA,NA,NA,1077.5
VA85,16GD0615,Ames_27193_,35,2,5.263157895,19,1,18,7.318796453,-28.39799469,-1.072511059,192.5
OH43,16GD0616,Ames_19288_,35,2,12.5,16,2,14,16.24194777,-46.01931223,-9.530018016,1557.5
81-1,16GD0617,NSL_8581_,35,2,0,14,0,14,NA,NA,NA,642.5
NC358,16GD0618,Ames_27175_,35,2,0,20,0,20,-45.3469773,29.43755185,-0.503309909,1397.5
FR4326,16GD0619,61:308-1,35,2,0,2,0,2,NA,NA,NA,NA
NC264,16GD0620,PI_520774_,35,2,25,16,4,12,-25.4276627,-1.405760107,3.483882038,1172.5
WF9,16GD0621,Ames_19293_,35,2,18.75,16,3,13,7.628511231,-31.67413477,12.28614409,580
NC258,16GD0622,PI_531084_,35,2,0,20,0,20,3.768505811,-46.97765857,-42.22736819,402.5
H99,16GD0623,PI_587129_,35,2,58.82352941,17,10,7,5.836814934,-25.84988198,-7.65478989,337.5
NC292,16GD0624,Ames_27142_,35,2,0,19,0,19,NA,NA,NA,932.5
VA35,16GD0625,PI_587150_,35,2,0,20,0,20,-1.124431937,-30.96287472,-11.63705476,865
CQ184A,16GD0626,011:196-1,35,2,0,1,0,1,NA,NA,NA,NA
MO17,16GD0627,PI_558532_,35,2,0,20,0,20,7.818376191,-32.1236089,-37.05950662,435
B77,16GD0628,PI_608765_,35,2,0,18,0,18,-4.300112949,-19.77066863,-6.009509225,995
NC260,16GD0629,Ames_27140_,35,2,0,0,NA,NA,8.35270998,-20.67108907,-8.487415894,NA
MO47,16GD0630,PI_583352_,35,2,0,20,0,20,-0.621237958,2.78509242,1.827147717,1042.5
PA875,16GD0631,Ames_27185_,36,2,0,17,0,17,-4.064198399,-10.32535164,-2.208489326,NA
4226,16GD0632,NSL_30904_,36,2,0,14,0,14,2.279690532,-14.81932647,2.458954472,1155
A554,16GD0633,PI_587138_,36,2,0,19,0,19,2.416816362,-18.52687169,2.016587127,900
OH43E,16GD0634,Ames_27183_,36,2,0,18,0,18,13.88608811,-45.67683944,-10.33054177,977.5
NC330,16GD0635,Ames_27161_,36,2,0,19,0,19,NA,NA,NA,467.5
L578,16GD0636,Ames_27132_,36,2,0,19,0,19,-16.16367433,1.37733409,-5.124291298,1285
KI43,16GD0637,Ames_27126_,36,2,0,0,NA,NA,-39.79411834,20.00301782,1.636327476,NA
IL14H,16GD0638,Ames_27118_,36,2,25,16,4,12,15.34426449,-55.16099219,2.909548063,947.5
TX601,16GD0639,Ames_22763_,36,2,8.333333333,12,1,11,-40.79401842,23.87484308,-0.412848122,1780
CQ184A,16GD0640,011:196-1,36,2,0,0,0,0,NA,NA,NA,NA
CI21E,16GD0641,CIze_21_,36,2,5.263157895,19,1,18,23.91155959,-2.874549031,9.064567786,1057.5
MOG,16GD0642,Ames_27136_,36,2,0,19,0,19,2.498126111,-21.80138186,10.27345495,870
HY,16GD0643,Ames_26808_,36,2,0,17,0,17,33.27275632,-8.973169692,3.033698006,885
FR4326,16GD0644,011:292-5,36,2,0,17,0,17,NA,NA,NA,452.5
NC310,16GD0645,Ames_27151_,36,2,6.25,16,1,15,103.3924385,74.02462182,-43.97810805,835
NC370,16GD0646,Ames_27181_,36,2,0,21,0,21,NA,NA,NA,1107.5
CML314,16GD0647,Ames_27094_,36,2,0,14,0,14,-41.75760674,22.72273517,5.054676221,1077.5
KI11,16GD0648,Ames_27124_,36,2,16.66666667,18,3,15,-37.408808,22.80505074,4.708535837,1332.5
VA26,16GD0649,Ames_27157_,37,2,12.5,16,2,14,27.72555207,-9.495974261,-5.850423801,882.5
NC320,16GD0650,Ames_27176_,37,2,0,18,0,18,-21.39913997,0.896529199,3.420917341,1042.5
B109,16GD0651,Ames_27038_,37,2,0,17,0,17,98.17872797,62.17581045,-34.34727972,947.5
W401,16GD0652,011:196-1,37,2,11.76470588,17,2,15,NA,NA,NA,627.5
K64,16GD0653,PI_506248_,37,2,11.76470588,17,2,15,0.548189601,-15.75984487,8.655854412,1010
A556,16GD0654,Ames_27093_,37,2,0,17,0,17,-4.585289706,-7.390348402,1.950538429,1252.5
M162W,16GD0655,Ames_26787_,37,2,0,19,0,19,-17.52926801,-9.400982011,8.930247432,930
CQ184A,16GD0656,Ames_27092_,37,2,0,0,1,-1,NA,NA,NA,NA
T234,16GD0657,PI_573098_,37,2,0,16,0,16,-1.503762889,-12.49892081,7.127090064,977.5
FR4326,16GD0658,91:174-1,37,2,12.5,16,2,14,NA,NA,NA,467.5
CML14,16GD0659,NSL_53094_,37,2,18.75,16,3,13,-40.97858833,26.97960805,2.096907755,802.5
M37W,16GD0660,011:292-5,37,2,0,2,0,2,-19.55902244,1.108791604,7.344123848,1095
NC352,16GD0661,NSL_81599_,37,2,0,13,0,13,-67.69003286,57.93511863,-7.710366151,1205
CQ184A,16GD0662,Ames_27101_,37,2,0,0,0,0,NA,NA,NA,NA
NC342,16GD0663,Ames_24734_,37,2,0,15,0,15,1.213112974,-41.7350213,-47.65668083,642.5
KY228,16GD0664,PI_543916_,37,2,25,4,1,3,1.949660594,-11.20373122,2.20632367,NA
H84,16GD0665,PI_506253_,37,2,0,16,0,16,33.90131631,-2.35197963,-7.357587307,607.5
CQ184A,16GD0666,Ames_27189_,37,2,0,0,0,0,NA,NA,NA,NA
SC55,16GD0667,011:196-1,38,2,0,19,0,19,-19.23736641,-3.592567657,-3.032600652,1012.5
TZI18,16GD0668,PI_587128_,38,2,0,0,0,0,-41.20802973,27.8476724,2.350629263,NA
MP339,16GD0669,PI_587136_,38,2,0,20,0,20,-13.61674576,-0.172696925,7.900554165,467.5
MS153,16GD0670,Ames_27167_,38,2,0,17,0,17,10.6946933,-26.65811566,2.655153295,1220
CML333,16GD0671,2:277-2,38,2,0,12,0,12,-35.03320134,22.29718081,3.22450145,1847.5
A659,16GD0672,Ames_27172_,38,2,0,16,0,16,11.4980658,-20.49533534,8.063083815,1477.5
FR4326,16GD0673,Ames_27133_,38,2,7.142857143,14,1,13,NA,NA,NA,467.5
SC357,16GD0674,Ames_27074_,38,2,40,15,6,9,-5.496479952,-1.793210895,5.34279319,882.5
H101,16GD0675,011:292-2,38,2,0,2,0,2,NA,NA,NA,1032.5
OH603,16GD0676,Ames_27190_,38,2,0,19,0,19,-11.151595,-1.563932331,-3.751195799,562.5
CML281,16GD0677,011:196-1,38,2,23.52941176,17,4,13,-41.21488744,28.13234748,1.257558648,1685
H49,16GD0678,Ames_27134_,38,2,0,17,0,17,1.324741808,-24.45030366,16.29930541,675
CML311,16GD0679,Ames_23450_,38,2,20,10,2,8,-34.85200353,17.40966601,5.293541957,NA
TZI10,16GD0680,Ames_27121_,38,2,0,14,0,14,-37.04511953,22.75446892,1.788860558,2245
CQ184A,16GD0681,Ames_27194_,38,2,0,0,1,-1,NA,NA,NA,NA
CMV3,16GD0682,PI_597927_,38,2,0,13,0,13,7.900201973,-21.84917371,18.34705709,2582.5
NC360,16GD0683,Ames_27156_,38,2,0,19,0,19,-23.28435615,-10.61430317,-34.10685192,1767.5
NC322,16GD0684,PI_587149_,38,2,12.5,16,2,14,NA,NA,NA,2437.5
